Organism Scientific Name	Organism Common Name	Organism Qualifier	Taxonomy id	Assembly Name	Assembly Accession	Source	Annotation	Level	Contig N50	Size	Submission Date	Gene Count	BioProject	BioSample
Prevotella bivia JCVIHMP010		strain: JCVIHMP010	553171	ASM17731v1	GCF_000177315.1	RefSeq	NCBI Prokaryotic Genome Annotation Pipeline (PGAP)	Contig	48627	2424432	2009-12-30	2136	PRJNA31377	SAMN00008342
Prevotella bivia DSM 20514		strain: DSM 20514	868129	ASM26254v1	GCF_000262545.1	RefSeq	NCBI Prokaryotic Genome Annotation Pipeline (PGAP)	Scaffold	388585	2521238	2012-05-29	2185	PRJNA50753	SAMN02261368
Prevotella bivia DNF00188		strain: DNF00188	1287476	04_NF_x40_HMP1651v01	GCF_000759045.1	RefSeq	NCBI Prokaryotic Genome Annotation Pipeline (PGAP)	Contig	50986	2527024	2014-09-26	2238	PRJNA187523	SAMN02850947
Prevotella bivia DNF00650		strain: DNF00650	1401072	04_NF40_HMP2136v01	GCF_000759165.1	RefSeq	NCBI Prokaryotic Genome Annotation Pipeline (PGAP)	Contig	34813	2408181	2014-09-26	2134	PRJNA219670	SAMN02850971
Prevotella bivia DNF00320		strain: DNF00320	1401068	04_NF40_HMP647v01	GCF_000759245.1	RefSeq	NCBI Prokaryotic Genome Annotation Pipeline (PGAP)	Contig	38665	2584224	2014-09-26	2304	PRJNA219665	SAMN02850966
Prevotella bivia		strain: 700_PDEN	28125	ASM106599v1	GCF_001065995.1	RefSeq	GCF_001065995.1-RS_2024_06_16	Contig	16593	2386762	2015-07-10	2146	PRJNA267549	SAMN03197905
Prevotella bivia		strain: GED7760C	28125	ASM154656v2	GCF_001546565.2	RefSeq	NCBI Prokaryotic Genome Annotation Pipeline (PGAP)	Scaffold	45352	2459295	2016-03-04	2182	PRJNA272110	SAMN03854476
Prevotella bivia		strain: GED7880	28125	ASM157440v1	GCF_001574405.1	RefSeq	NCBI Prokaryotic Genome Annotation Pipeline (PGAP)	Scaffold	52022	2579172	2016-02-25	2308	PRJNA272094	SAMN03854509
Prevotella bivia		strain: UMB10562	28125	ASM3021910v2	GCF_030219105.2	RefSeq	NCBI Prokaryotic Genome Annotation Pipeline (PGAP)	Scaffold	1355154	2655423	2023-12-13	2337	PRJNA970254	SAMN34996423
Prevotella bivia		strain: PLW0727	28125	ASM3021930v1	GCF_030219305.1	RefSeq	GCF_030219305.1-RS_2024_06_07	Complete Genome	1272652	2427673	2023-06-07	2108	PRJNA977105	SAMN35450423
Prevotella bivia		strain: UMB10437	28125	ASM3022394v1	GCF_030223945.1	RefSeq	GCF_030223945.1-RS_2024_03_15	Contig	36242	2763321	2023-06-07	2537	PRJNA970254	SAMN34998805
Prevotella bivia		strain: ATCC 29303	28125	ASM4042808v1	GCF_040428085.1	RefSeq	GCF_040428085.1-RS_2024_06_30	Contig	1347180	2528518	2024-06-29	2209	PRJNA1127199	SAMN41996400
