{
"apiVersion": "V2",
"assemblies": [
{
  "files": [
    {
      "filePath": "data_summary.tsv",
      "fileType": "DATA_TABLE",
      "uncompressedLengthBytes": "2501"
    },
    {
      "filePath": "assembly_data_report.jsonl",
      "fileType": "DATA_REPORT",
      "uncompressedLengthBytes": "52862"
    }
  ]
},{
  "accession": "GCF_000177315.1",
  "files": [
    {
      "filePath": "GCF_000177315.1/cds_from_genomic.fna",
      "fileType": "CDS_NUCLEOTIDE_FASTA"
    }
  ]
},{
  "accession": "GCF_000262545.1",
  "files": [
    {
      "filePath": "GCF_000262545.1/cds_from_genomic.fna",
      "fileType": "CDS_NUCLEOTIDE_FASTA"
    }
  ]
},{
  "accession": "GCF_000759045.1",
  "files": [
    {
      "filePath": "GCF_000759045.1/cds_from_genomic.fna",
      "fileType": "CDS_NUCLEOTIDE_FASTA"
    }
  ]
},{
  "accession": "GCF_000759165.1",
  "files": [
    {
      "filePath": "GCF_000759165.1/cds_from_genomic.fna",
      "fileType": "CDS_NUCLEOTIDE_FASTA"
    }
  ]
},{
  "accession": "GCF_000759245.1",
  "files": [
    {
      "filePath": "GCF_000759245.1/cds_from_genomic.fna",
      "fileType": "CDS_NUCLEOTIDE_FASTA"
    }
  ]
},{
  "accession": "GCF_001065995.1",
  "files": [
    {
      "filePath": "GCF_001065995.1/cds_from_genomic.fna",
      "fileType": "CDS_NUCLEOTIDE_FASTA"
    }
  ]
},{
  "accession": "GCF_001546565.2",
  "files": [
    {
      "filePath": "GCF_001546565.2/cds_from_genomic.fna",
      "fileType": "CDS_NUCLEOTIDE_FASTA"
    }
  ]
},{
  "accession": "GCF_001574405.1",
  "files": [
    {
      "filePath": "GCF_001574405.1/cds_from_genomic.fna",
      "fileType": "CDS_NUCLEOTIDE_FASTA"
    }
  ]
},{
  "accession": "GCF_030219105.2",
  "files": [
    {
      "filePath": "GCF_030219105.2/cds_from_genomic.fna",
      "fileType": "CDS_NUCLEOTIDE_FASTA"
    }
  ]
},{
  "accession": "GCF_030219305.1",
  "files": [
    {
      "filePath": "GCF_030219305.1/cds_from_genomic.fna",
      "fileType": "CDS_NUCLEOTIDE_FASTA"
    }
  ]
},{
  "accession": "GCF_030223945.1",
  "files": [
    {
      "filePath": "GCF_030223945.1/cds_from_genomic.fna",
      "fileType": "CDS_NUCLEOTIDE_FASTA"
    }
  ]
},{
  "accession": "GCF_040428085.1",
  "files": [
    {
      "filePath": "GCF_040428085.1/cds_from_genomic.fna",
      "fileType": "CDS_NUCLEOTIDE_FASTA"
    }
  ]
}]}
